{"mean_squared_error": 0.8510529583000203, "root_mean_squared_error": 0.9225253158044067, "mean_absolute_error": 0.7303412869543302, "r2_score": 0.14969225786538776}